"","GEO.id2","HC01_EST_VC01","HC02_EST_VC01","HC03_EST_VC01","HC04_EST_VC01","HC05_EST_VC01","HC06_EST_VC01","HC01_EST_VC02","HC02_EST_VC02","HC03_EST_VC02","HC04_EST_VC02","HC05_EST_VC02","HC06_EST_VC02","HC01_EST_VC06","HC02_EST_VC06","HC03_EST_VC06","HC04_EST_VC06","HC05_EST_VC06","HC06_EST_VC06","HC01_EST_VC07","HC02_EST_VC07","HC03_EST_VC07","HC04_EST_VC07","HC05_EST_VC07","HC06_EST_VC07","HC01_EST_VC08","HC02_EST_VC08","HC03_EST_VC08","HC04_EST_VC08","HC05_EST_VC08","HC06_EST_VC08","HC01_EST_VC09","HC02_EST_VC09","HC03_EST_VC09","HC04_EST_VC09","HC05_EST_VC09","HC06_EST_VC09","HC01_EST_VC10","HC02_EST_VC10","HC03_EST_VC10","HC04_EST_VC10","HC05_EST_VC10","HC06_EST_VC10","HC01_EST_VC11","HC02_EST_VC11","HC03_EST_VC11","HC04_EST_VC11","HC05_EST_VC11","HC06_EST_VC11","HC01_EST_VC12","HC02_EST_VC12","HC03_EST_VC12","HC04_EST_VC12","HC05_EST_VC12","HC06_EST_VC12","HC01_EST_VC13","HC02_EST_VC13","HC03_EST_VC13","HC04_EST_VC13","HC05_EST_VC13","HC06_EST_VC13","HC01_EST_VC15","HC02_EST_VC15","HC03_EST_VC15","HC04_EST_VC15","HC05_EST_VC15","HC06_EST_VC15","HC01_EST_VC16","HC02_EST_VC16","HC03_EST_VC16","HC04_EST_VC16","HC05_EST_VC16","HC06_EST_VC16","HC01_EST_VC18","HC02_EST_VC18","HC03_EST_VC18","HC04_EST_VC18","HC05_EST_VC18","HC06_EST_VC18","HC01_EST_VC19","HC02_EST_VC19","HC03_EST_VC19","HC04_EST_VC19","HC05_EST_VC19","HC06_EST_VC19","HC01_EST_VC21","HC02_EST_VC21","HC03_EST_VC21","HC04_EST_VC21","HC05_EST_VC21","HC06_EST_VC21","HC01_EST_VC23","HC02_EST_VC23","HC03_EST_VC23","HC04_EST_VC23","HC05_EST_VC23","HC06_EST_VC23","HC01_EST_VC24","HC02_EST_VC24","HC03_EST_VC24","HC04_EST_VC24","HC05_EST_VC24","HC06_EST_VC24","HC01_EST_VC27","HC02_EST_VC27","HC03_EST_VC27","HC04_EST_VC27","HC05_EST_VC27","HC06_EST_VC27","HC01_EST_VC28","HC02_EST_VC28","HC03_EST_VC28","HC04_EST_VC28","HC05_EST_VC28","HC06_EST_VC28","HC01_EST_VC29","HC02_EST_VC29","HC03_EST_VC29","HC04_EST_VC29","HC05_EST_VC29","HC06_EST_VC29","HC01_EST_VC30","HC02_EST_VC30","HC03_EST_VC30","HC04_EST_VC30","HC05_EST_VC30","HC06_EST_VC30","HC01_EST_VC33","HC02_EST_VC33","HC03_EST_VC33","HC04_EST_VC33","HC05_EST_VC33","HC06_EST_VC33","HC01_EST_VC34","HC02_EST_VC34","HC03_EST_VC34","HC04_EST_VC34","HC05_EST_VC34","HC06_EST_VC34","HC01_EST_VC35","HC02_EST_VC35","HC03_EST_VC35","HC04_EST_VC35","HC05_EST_VC35","HC06_EST_VC35","HC01_EST_VC36","HC02_EST_VC36","HC03_EST_VC36","HC04_EST_VC36","HC05_EST_VC36","HC06_EST_VC36","HC01_EST_VC39","HC02_EST_VC39","HC03_EST_VC39","HC04_EST_VC39","HC05_EST_VC39","HC06_EST_VC39","HC01_EST_VC40","HC02_EST_VC40","HC03_EST_VC40","HC04_EST_VC40","HC05_EST_VC40","HC06_EST_VC40","HC01_EST_VC41","HC02_EST_VC41","HC03_EST_VC41","HC04_EST_VC41","HC05_EST_VC41","HC06_EST_VC41","HC01_EST_VC42","HC02_EST_VC42","HC03_EST_VC42","HC04_EST_VC42","HC05_EST_VC42","HC06_EST_VC42","HC01_EST_VC45","HC02_EST_VC45","HC03_EST_VC45","HC04_EST_VC45","HC05_EST_VC45","HC06_EST_VC45","HC01_EST_VC46","HC02_EST_VC46","HC03_EST_VC46","HC04_EST_VC46","HC05_EST_VC46","HC06_EST_VC46","HC01_EST_VC47","HC02_EST_VC47","HC03_EST_VC47","HC04_EST_VC47","HC05_EST_VC47","HC06_EST_VC47","HC01_EST_VC48","HC02_EST_VC48","HC03_EST_VC48","HC04_EST_VC48","HC05_EST_VC48","HC06_EST_VC48","HC01_EST_VC51","HC02_EST_VC51","HC03_EST_VC51","HC04_EST_VC51","HC05_EST_VC51","HC06_EST_VC51","HC01_EST_VC54","HC02_EST_VC54","HC03_EST_VC54","HC04_EST_VC54","HC05_EST_VC54","HC06_EST_VC54"
"1","Id2","All families  - Total; Estimate; Families","All families  - Percent below poverty level; Estimate; Families","Married-couple families  - Total; Estimate; Families","Married-couple families  - Percent below poverty level; Estimate; Families","Female householder, no husband present  - Total; Estimate; Families","Female householder, no husband present  - Percent below poverty level; Estimate; Families","All families  - Total; Estimate; With related children under 18 years","All families  - Percent below poverty level; Estimate; With related children under 18 years","Married-couple families  - Total; Estimate; With related children under 18 years","Married-couple families  - Percent below poverty level; Estimate; With related children under 18 years","Female householder, no husband present  - Total; Estimate; With related children under 18 years","Female householder, no husband present  - Percent below poverty level; Estimate; With related children under 18 years","All families  - Total; Estimate; RACE AND HISPANIC OR LATINO ORIGIN - Families with a householder who is-- - One race","All families  - Percent below poverty level; Estimate; RACE AND HISPANIC OR LATINO ORIGIN - Families with a householder who is-- - One race","Married-couple families  - Total; Estimate; RACE AND HISPANIC OR LATINO ORIGIN - Families with a householder who is-- - One race","Married-couple families  - Percent below poverty level; Estimate; RACE AND HISPANIC OR LATINO ORIGIN - Families with a householder who is-- - One race","Female householder, no husband present  - Total; Estimate; RACE AND HISPANIC OR LATINO ORIGIN - Families with a householder who is-- - One race","Female householder, no husband present  - Percent below poverty level; Estimate; RACE AND HISPANIC OR LATINO ORIGIN - Families with a householder who is-- - One race","All families  - Total; Estimate; RACE AND HISPANIC OR LATINO ORIGIN - Families with a householder who is-- - One race - White","All families  - Percent below poverty level; Estimate; RACE AND HISPANIC OR LATINO ORIGIN - Families with a householder who is-- - One race - White","Married-couple families  - Total; Estimate; RACE AND HISPANIC OR LATINO ORIGIN - Families with a householder who is-- - One race - White","Married-couple families  - Percent below poverty level; Estimate; RACE AND HISPANIC OR LATINO ORIGIN - Families with a householder who is-- - One race - White","Female householder, no husband present  - Total; Estimate; RACE AND HISPANIC OR LATINO ORIGIN - Families with a householder who is-- - One race - White","Female householder, no husband present  - Percent below poverty level; Estimate; RACE AND HISPANIC OR LATINO ORIGIN - Families with a householder who is-- - One race - White","All families  - Total; Estimate; RACE AND HISPANIC OR LATINO ORIGIN - Families with a householder who is-- - One race - Black or African American","All families  - Percent below poverty level; Estimate; RACE AND HISPANIC OR LATINO ORIGIN - Families with a householder who is-- - One race - Black or African American","Married-couple families  - Total; Estimate; RACE AND HISPANIC OR LATINO ORIGIN - Families with a householder who is-- - One race - Black or African American","Married-couple families  - Percent below poverty level; Estimate; RACE AND HISPANIC OR LATINO ORIGIN - Families with a householder who is-- - One race - Black or African American","Female householder, no husband present  - Total; Estimate; RACE AND HISPANIC OR LATINO ORIGIN - Families with a householder who is-- - One race - Black or African American","Female householder, no husband present  - Percent below poverty level; Estimate; RACE AND HISPANIC OR LATINO ORIGIN - Families with a householder who is-- - One race - Black or African American","All families  - Total; Estimate; RACE AND HISPANIC OR LATINO ORIGIN - Families with a householder who is-- - One race - American Indian and Alaska Native","All families  - Percent below poverty level; Estimate; RACE AND HISPANIC OR LATINO ORIGIN - Families with a householder who is-- - One race - American Indian and Alaska Native","Married-couple families  - Total; Estimate; RACE AND HISPANIC OR LATINO ORIGIN - Families with a householder who is-- - One race - American Indian and Alaska Native","Married-couple families  - Percent below poverty level; Estimate; RACE AND HISPANIC OR LATINO ORIGIN - Families with a householder who is-- - One race - American Indian and Alaska Native","Female householder, no husband present  - Total; Estimate; RACE AND HISPANIC OR LATINO ORIGIN - Families with a householder who is-- - One race - American Indian and Alaska Native","Female householder, no husband present  - Percent below poverty level; Estimate; RACE AND HISPANIC OR LATINO ORIGIN - Families with a householder who is-- - One race - American Indian and Alaska Native","All families  - Total; Estimate; RACE AND HISPANIC OR LATINO ORIGIN - Families with a householder who is-- - One race - Asian","All families  - Percent below poverty level; Estimate; RACE AND HISPANIC OR LATINO ORIGIN - Families with a householder who is-- - One race - Asian","Married-couple families  - Total; Estimate; RACE AND HISPANIC OR LATINO ORIGIN - Families with a householder who is-- - One race - Asian","Married-couple families  - Percent below poverty level; Estimate; RACE AND HISPANIC OR LATINO ORIGIN - Families with a householder who is-- - One race - Asian","Female householder, no husband present  - Total; Estimate; RACE AND HISPANIC OR LATINO ORIGIN - Families with a householder who is-- - One race - Asian","Female householder, no husband present  - Percent below poverty level; Estimate; RACE AND HISPANIC OR LATINO ORIGIN - Families with a householder who is-- - One race - Asian","All families  - Total; Estimate; RACE AND HISPANIC OR LATINO ORIGIN - Families with a householder who is-- - One race - Native Hawaiian and Other Pacific Islander","All families  - Percent below poverty level; Estimate; RACE AND HISPANIC OR LATINO ORIGIN - Families with a householder who is-- - One race - Native Hawaiian and Other Pacific Islander","Married-couple families  - Total; Estimate; RACE AND HISPANIC OR LATINO ORIGIN - Families with a householder who is-- - One race - Native Hawaiian and Other Pacific Islander","Married-couple families  - Percent below poverty level; Estimate; RACE AND HISPANIC OR LATINO ORIGIN - Families with a householder who is-- - One race - Native Hawaiian and Other Pacific Islander","Female householder, no husband present  - Total; Estimate; RACE AND HISPANIC OR LATINO ORIGIN - Families with a householder who is-- - One race - Native Hawaiian and Other Pacific Islander","Female householder, no husband present  - Percent below poverty level; Estimate; RACE AND HISPANIC OR LATINO ORIGIN - Families with a householder who is-- - One race - Native Hawaiian and Other Pacific Islander","All families  - Total; Estimate; RACE AND HISPANIC OR LATINO ORIGIN - Families with a householder who is-- - One race - Some other race","All families  - Percent below poverty level; Estimate; RACE AND HISPANIC OR LATINO ORIGIN - Families with a householder who is-- - One race - Some other race","Married-couple families  - Total; Estimate; RACE AND HISPANIC OR LATINO ORIGIN - Families with a householder who is-- - One race - Some other race","Married-couple families  - Percent below poverty level; Estimate; RACE AND HISPANIC OR LATINO ORIGIN - Families with a householder who is-- - One race - Some other race","Female householder, no husband present  - Total; Estimate; RACE AND HISPANIC OR LATINO ORIGIN - Families with a householder who is-- - One race - Some other race","Female householder, no husband present  - Percent below poverty level; Estimate; RACE AND HISPANIC OR LATINO ORIGIN - Families with a householder who is-- - One race - Some other race","All families  - Total; Estimate; RACE AND HISPANIC OR LATINO ORIGIN - Families with a householder who is-- - Two or more races","All families  - Percent below poverty level; Estimate; RACE AND HISPANIC OR LATINO ORIGIN - Families with a householder who is-- - Two or more races","Married-couple families  - Total; Estimate; RACE AND HISPANIC OR LATINO ORIGIN - Families with a householder who is-- - Two or more races","Married-couple families  - Percent below poverty level; Estimate; RACE AND HISPANIC OR LATINO ORIGIN - Families with a householder who is-- - Two or more races","Female householder, no husband present  - Total; Estimate; RACE AND HISPANIC OR LATINO ORIGIN - Families with a householder who is-- - Two or more races","Female householder, no husband present  - Percent below poverty level; Estimate; RACE AND HISPANIC OR LATINO ORIGIN - Families with a householder who is-- - Two or more races","All families  - Total; Estimate; Hispanic or Latino origin (of any race)","All families  - Percent below poverty level; Estimate; Hispanic or Latino origin (of any race)","Married-couple families  - Total; Estimate; Hispanic or Latino origin (of any race)","Married-couple families  - Percent below poverty level; Estimate; Hispanic or Latino origin (of any race)","Female householder, no husband present  - Total; Estimate; Hispanic or Latino origin (of any race)","Female householder, no husband present  - Percent below poverty level; Estimate; Hispanic or Latino origin (of any race)","All families  - Total; Estimate; White alone, not Hispanic or Latino","All families  - Percent below poverty level; Estimate; White alone, not Hispanic or Latino","Married-couple families  - Total; Estimate; White alone, not Hispanic or Latino","Married-couple families  - Percent below poverty level; Estimate; White alone, not Hispanic or Latino","Female householder, no husband present  - Total; Estimate; White alone, not Hispanic or Latino","Female householder, no husband present  - Percent below poverty level; Estimate; White alone, not Hispanic or Latino","All families  - Total; Estimate; Householder worked","All families  - Percent below poverty level; Estimate; Householder worked","Married-couple families  - Total; Estimate; Householder worked","Married-couple families  - Percent below poverty level; Estimate; Householder worked","Female householder, no husband present  - Total; Estimate; Householder worked","Female householder, no husband present  - Percent below poverty level; Estimate; Householder worked","All families  - Total; Estimate; Householder worked - Householder worked full-time, year-round in the past 12 months","All families  - Percent below poverty level; Estimate; Householder worked - Householder worked full-time, year-round in the past 12 months","Married-couple families  - Total; Estimate; Householder worked - Householder worked full-time, year-round in the past 12 months","Married-couple families  - Percent below poverty level; Estimate; Householder worked - Householder worked full-time, year-round in the past 12 months","Female householder, no husband present  - Total; Estimate; Householder worked - Householder worked full-time, year-round in the past 12 months","Female householder, no husband present  - Percent below poverty level; Estimate; Householder worked - Householder worked full-time, year-round in the past 12 months","All families  - Total; Estimate; Householder 65 years and over","All families  - Percent below poverty level; Estimate; Householder 65 years and over","Married-couple families  - Total; Estimate; Householder 65 years and over","Married-couple families  - Percent below poverty level; Estimate; Householder 65 years and over","Female householder, no husband present  - Total; Estimate; Householder 65 years and over","Female householder, no husband present  - Percent below poverty level; Estimate; Householder 65 years and over","All families  - Total; Estimate; Family received -- - Supplemental Security Income (SSI) and/or cash public assistance income in the past 12 months","All families  - Percent below poverty level; Estimate; Family received -- - Supplemental Security Income (SSI) and/or cash public assistance income in the past 12 months","Married-couple families  - Total; Estimate; Family received -- - Supplemental Security Income (SSI) and/or cash public assistance income in the past 12 months","Married-couple families  - Percent below poverty level; Estimate; Family received -- - Supplemental Security Income (SSI) and/or cash public assistance income in the past 12 months","Female householder, no husband present  - Total; Estimate; Family received -- - Supplemental Security Income (SSI) and/or cash public assistance income in the past 12 months","Female householder, no husband present  - Percent below poverty level; Estimate; Family received -- - Supplemental Security Income (SSI) and/or cash public assistance income in the past 12 months","All families  - Total; Estimate; Family received -- - Social security income in the past 12 months","All families  - Percent below poverty level; Estimate; Family received -- - Social security income in the past 12 months","Married-couple families  - Total; Estimate; Family received -- - Social security income in the past 12 months","Married-couple families  - Percent below poverty level; Estimate; Family received -- - Social security income in the past 12 months","Female householder, no husband present  - Total; Estimate; Family received -- - Social security income in the past 12 months","Female householder, no husband present  - Percent below poverty level; Estimate; Family received -- - Social security income in the past 12 months","All families  - Total; Estimate; EDUCATIONAL ATTAINMENT OF HOUSEHOLDER - Less than high school graduate","All families  - Percent below poverty level; Estimate; EDUCATIONAL ATTAINMENT OF HOUSEHOLDER - Less than high school graduate","Married-couple families  - Total; Estimate; EDUCATIONAL ATTAINMENT OF HOUSEHOLDER - Less than high school graduate","Married-couple families  - Percent below poverty level; Estimate; EDUCATIONAL ATTAINMENT OF HOUSEHOLDER - Less than high school graduate","Female householder, no husband present  - Total; Estimate; EDUCATIONAL ATTAINMENT OF HOUSEHOLDER - Less than high school graduate","Female householder, no husband present  - Percent below poverty level; Estimate; EDUCATIONAL ATTAINMENT OF HOUSEHOLDER - Less than high school graduate","All families  - Total; Estimate; EDUCATIONAL ATTAINMENT OF HOUSEHOLDER - High school graduate (includes equivalency)","All families  - Percent below poverty level; Estimate; EDUCATIONAL ATTAINMENT OF HOUSEHOLDER - High school graduate (includes equivalency)","Married-couple families  - Total; Estimate; EDUCATIONAL ATTAINMENT OF HOUSEHOLDER - High school graduate (includes equivalency)","Married-couple families  - Percent below poverty level; Estimate; EDUCATIONAL ATTAINMENT OF HOUSEHOLDER - High school graduate (includes equivalency)","Female householder, no husband present  - Total; Estimate; EDUCATIONAL ATTAINMENT OF HOUSEHOLDER - High school graduate (includes equivalency)","Female householder, no husband present  - Percent below poverty level; Estimate; EDUCATIONAL ATTAINMENT OF HOUSEHOLDER - High school graduate (includes equivalency)","All families  - Total; Estimate; EDUCATIONAL ATTAINMENT OF HOUSEHOLDER - Some college, associate's degree","All families  - Percent below poverty level; Estimate; EDUCATIONAL ATTAINMENT OF HOUSEHOLDER - Some college, associate's degree","Married-couple families  - Total; Estimate; EDUCATIONAL ATTAINMENT OF HOUSEHOLDER - Some college, associate's degree","Married-couple families  - Percent below poverty level; Estimate; EDUCATIONAL ATTAINMENT OF HOUSEHOLDER - Some college, associate's degree","Female householder, no husband present  - Total; Estimate; EDUCATIONAL ATTAINMENT OF HOUSEHOLDER - Some college, associate's degree","Female householder, no husband present  - Percent below poverty level; Estimate; EDUCATIONAL ATTAINMENT OF HOUSEHOLDER - Some college, associate's degree","All families  - Total; Estimate; EDUCATIONAL ATTAINMENT OF HOUSEHOLDER - Bachelor's degree or higher","All families  - Percent below poverty level; Estimate; EDUCATIONAL ATTAINMENT OF HOUSEHOLDER - Bachelor's degree or higher","Married-couple families  - Total; Estimate; EDUCATIONAL ATTAINMENT OF HOUSEHOLDER - Bachelor's degree or higher","Married-couple families  - Percent below poverty level; Estimate; EDUCATIONAL ATTAINMENT OF HOUSEHOLDER - Bachelor's degree or higher","Female householder, no husband present  - Total; Estimate; EDUCATIONAL ATTAINMENT OF HOUSEHOLDER - Bachelor's degree or higher","Female householder, no husband present  - Percent below poverty level; Estimate; EDUCATIONAL ATTAINMENT OF HOUSEHOLDER - Bachelor's degree or higher","All families  - Total; Estimate; NUMBER OF RELATED CHILDREN UNDER 18 YEARS - No child","All families  - Percent below poverty level; Estimate; NUMBER OF RELATED CHILDREN UNDER 18 YEARS - No child","Married-couple families  - Total; Estimate; NUMBER OF RELATED CHILDREN UNDER 18 YEARS - No child","Married-couple families  - Percent below poverty level; Estimate; NUMBER OF RELATED CHILDREN UNDER 18 YEARS - No child","Female householder, no husband present  - Total; Estimate; NUMBER OF RELATED CHILDREN UNDER 18 YEARS - No child","Female householder, no husband present  - Percent below poverty level; Estimate; NUMBER OF RELATED CHILDREN UNDER 18 YEARS - No child","All families  - Total; Estimate; NUMBER OF RELATED CHILDREN UNDER 18 YEARS - 1 or 2 children","All families  - Percent below poverty level; Estimate; NUMBER OF RELATED CHILDREN UNDER 18 YEARS - 1 or 2 children","Married-couple families  - Total; Estimate; NUMBER OF RELATED CHILDREN UNDER 18 YEARS - 1 or 2 children","Married-couple families  - Percent below poverty level; Estimate; NUMBER OF RELATED CHILDREN UNDER 18 YEARS - 1 or 2 children","Female householder, no husband present  - Total; Estimate; NUMBER OF RELATED CHILDREN UNDER 18 YEARS - 1 or 2 children","Female householder, no husband present  - Percent below poverty level; Estimate; NUMBER OF RELATED CHILDREN UNDER 18 YEARS - 1 or 2 children","All families  - Total; Estimate; NUMBER OF RELATED CHILDREN UNDER 18 YEARS - 3 or 4 children","All families  - Percent below poverty level; Estimate; NUMBER OF RELATED CHILDREN UNDER 18 YEARS - 3 or 4 children","Married-couple families  - Total; Estimate; NUMBER OF RELATED CHILDREN UNDER 18 YEARS - 3 or 4 children","Married-couple families  - Percent below poverty level; Estimate; NUMBER OF RELATED CHILDREN UNDER 18 YEARS - 3 or 4 children","Female householder, no husband present  - Total; Estimate; NUMBER OF RELATED CHILDREN UNDER 18 YEARS - 3 or 4 children","Female householder, no husband present  - Percent below poverty level; Estimate; NUMBER OF RELATED CHILDREN UNDER 18 YEARS - 3 or 4 children","All families  - Total; Estimate; NUMBER OF RELATED CHILDREN UNDER 18 YEARS - 5 or more children","All families  - Percent below poverty level; Estimate; NUMBER OF RELATED CHILDREN UNDER 18 YEARS - 5 or more children","Married-couple families  - Total; Estimate; NUMBER OF RELATED CHILDREN UNDER 18 YEARS - 5 or more children","Married-couple families  - Percent below poverty level; Estimate; NUMBER OF RELATED CHILDREN UNDER 18 YEARS - 5 or more children","Female householder, no husband present  - Total; Estimate; NUMBER OF RELATED CHILDREN UNDER 18 YEARS - 5 or more children","Female householder, no husband present  - Percent below poverty level; Estimate; NUMBER OF RELATED CHILDREN UNDER 18 YEARS - 5 or more children","All families  - Total; Estimate; NUMBER OF PEOPLE IN FAMILY - 2 people","All families  - Percent below poverty level; Estimate; NUMBER OF PEOPLE IN FAMILY - 2 people","Married-couple families  - Total; Estimate; NUMBER OF PEOPLE IN FAMILY - 2 people","Married-couple families  - Percent below poverty level; Estimate; NUMBER OF PEOPLE IN FAMILY - 2 people","Female householder, no husband present  - Total; Estimate; NUMBER OF PEOPLE IN FAMILY - 2 people","Female householder, no husband present  - Percent below poverty level; Estimate; NUMBER OF PEOPLE IN FAMILY - 2 people","All families  - Total; Estimate; NUMBER OF PEOPLE IN FAMILY - 3 or 4 people","All families  - Percent below poverty level; Estimate; NUMBER OF PEOPLE IN FAMILY - 3 or 4 people","Married-couple families  - Total; Estimate; NUMBER OF PEOPLE IN FAMILY - 3 or 4 people","Married-couple families  - Percent below poverty level; Estimate; NUMBER OF PEOPLE IN FAMILY - 3 or 4 people","Female householder, no husband present  - Total; Estimate; NUMBER OF PEOPLE IN FAMILY - 3 or 4 people","Female householder, no husband present  - Percent below poverty level; Estimate; NUMBER OF PEOPLE IN FAMILY - 3 or 4 people","All families  - Total; Estimate; NUMBER OF PEOPLE IN FAMILY - 5 or 6 people","All families  - Percent below poverty level; Estimate; NUMBER OF PEOPLE IN FAMILY - 5 or 6 people","Married-couple families  - Total; Estimate; NUMBER OF PEOPLE IN FAMILY - 5 or 6 people","Married-couple families  - Percent below poverty level; Estimate; NUMBER OF PEOPLE IN FAMILY - 5 or 6 people","Female householder, no husband present  - Total; Estimate; NUMBER OF PEOPLE IN FAMILY - 5 or 6 people","Female householder, no husband present  - Percent below poverty level; Estimate; NUMBER OF PEOPLE IN FAMILY - 5 or 6 people","All families  - Total; Estimate; NUMBER OF PEOPLE IN FAMILY - 7 or more people","All families  - Percent below poverty level; Estimate; NUMBER OF PEOPLE IN FAMILY - 7 or more people","Married-couple families  - Total; Estimate; NUMBER OF PEOPLE IN FAMILY - 7 or more people","Married-couple families  - Percent below poverty level; Estimate; NUMBER OF PEOPLE IN FAMILY - 7 or more people","Female householder, no husband present  - Total; Estimate; NUMBER OF PEOPLE IN FAMILY - 7 or more people","Female householder, no husband present  - Percent below poverty level; Estimate; NUMBER OF PEOPLE IN FAMILY - 7 or more people","All families  - Total; Estimate; NUMBER OF WORKERS IN FAMILY - No workers","All families  - Percent below poverty level; Estimate; NUMBER OF WORKERS IN FAMILY - No workers","Married-couple families  - Total; Estimate; NUMBER OF WORKERS IN FAMILY - No workers","Married-couple families  - Percent below poverty level; Estimate; NUMBER OF WORKERS IN FAMILY - No workers","Female householder, no husband present  - Total; Estimate; NUMBER OF WORKERS IN FAMILY - No workers","Female householder, no husband present  - Percent below poverty level; Estimate; NUMBER OF WORKERS IN FAMILY - No workers","All families  - Total; Estimate; NUMBER OF WORKERS IN FAMILY - 1 worker","All families  - Percent below poverty level; Estimate; NUMBER OF WORKERS IN FAMILY - 1 worker","Married-couple families  - Total; Estimate; NUMBER OF WORKERS IN FAMILY - 1 worker","Married-couple families  - Percent below poverty level; Estimate; NUMBER OF WORKERS IN FAMILY - 1 worker","Female householder, no husband present  - Total; Estimate; NUMBER OF WORKERS IN FAMILY - 1 worker","Female householder, no husband present  - Percent below poverty level; Estimate; NUMBER OF WORKERS IN FAMILY - 1 worker","All families  - Total; Estimate; NUMBER OF WORKERS IN FAMILY - 2 workers","All families  - Percent below poverty level; Estimate; NUMBER OF WORKERS IN FAMILY - 2 workers","Married-couple families  - Total; Estimate; NUMBER OF WORKERS IN FAMILY - 2 workers","Married-couple families  - Percent below poverty level; Estimate; NUMBER OF WORKERS IN FAMILY - 2 workers","Female householder, no husband present  - Total; Estimate; NUMBER OF WORKERS IN FAMILY - 2 workers","Female householder, no husband present  - Percent below poverty level; Estimate; NUMBER OF WORKERS IN FAMILY - 2 workers","All families  - Total; Estimate; NUMBER OF WORKERS IN FAMILY - 3 or more workers","All families  - Percent below poverty level; Estimate; NUMBER OF WORKERS IN FAMILY - 3 or more workers","Married-couple families  - Total; Estimate; NUMBER OF WORKERS IN FAMILY - 3 or more workers","Married-couple families  - Percent below poverty level; Estimate; NUMBER OF WORKERS IN FAMILY - 3 or more workers","Female householder, no husband present  - Total; Estimate; NUMBER OF WORKERS IN FAMILY - 3 or more workers","Female householder, no husband present  - Percent below poverty level; Estimate; NUMBER OF WORKERS IN FAMILY - 3 or more workers","All families  - Total; Estimate; INCOME DEFICIT - Mean income deficit for families (dollars)","All families  - Percent below poverty level; Estimate; INCOME DEFICIT - Mean income deficit for families (dollars)","Married-couple families  - Total; Estimate; INCOME DEFICIT - Mean income deficit for families (dollars)","Married-couple families  - Percent below poverty level; Estimate; INCOME DEFICIT - Mean income deficit for families (dollars)","Female householder, no husband present  - Total; Estimate; INCOME DEFICIT - Mean income deficit for families (dollars)","Female householder, no husband present  - Percent below poverty level; Estimate; INCOME DEFICIT - Mean income deficit for families (dollars)","All families  - Total; Estimate; PERCENT IMPUTED - Poverty status for families","All families  - Percent below poverty level; Estimate; PERCENT IMPUTED - Poverty status for families","Married-couple families  - Total; Estimate; PERCENT IMPUTED - Poverty status for families","Married-couple families  - Percent below poverty level; Estimate; PERCENT IMPUTED - Poverty status for families","Female householder, no husband present  - Total; Estimate; PERCENT IMPUTED - Poverty status for families","Female householder, no husband present  - Percent below poverty level; Estimate; PERCENT IMPUTED - Poverty status for families"
"2","41001","4603","11.7","3792","4.9","615","50.2","1690","25.7","1145","8.4","442","67.2","4544","11.7","3740","4.9","608","50.0","4506","11.7","3716","5.0","598","50.8","0","-","0","-","0","-","18","22.2","4","0.0","10","0.0","18","0.0","18","0.0","0","-","2","0.0","2","0.0","0","-","0","-","0","-","0","-","59","11.9","52","3.8","7","71.4","95","49.5","50","16.0","45","86.7","4416","10.9","3671","4.8","553","47.9","3134","11.1","2509","2.4","493","54.2","1868","6.2","1544","1.4","238","34.0","1292","0.8","1182","0.8","79","0.0","329","28.9","200","9.5","102","52.0","1649","2.8","1500","2.9","82","3.7","384","28.9","276","15.6","97","70.1","1137","18.6","852","6.7","198","75.8","1933","9.8","1582","4.7","272","27.9","1149","2.3","1082","1.1","48","31.3","2913","3.6","2647","3.4","173","6.9","1272","26.5","809","5.9","387","71.1","372","21.2","297","12.5","48","31.3","46","39.1","39","28.2","7","100.0","2838","8.4","2373","3.7","332","40.4","1383","17.7","1066","4.6","254","66.1","325","8.3","303","8.9","22","0.0","57","50.9","50","44.0","7","100.0","1048","12.6","919","7.3","72","58.3","1420","25.4","808","10.9","501","53.3","1900","2.5","1831","1.7","41","0.0","235","0.0","234","0.0","1","0.0","8496","(X)","8528","(X)","8113","(X)","27.0","(X)","(X)","(X)","(X)","(X)"
"3","41003","18698","9.5","15325","5.0","2527","30.7","7840","15.2","5824","8.5","1551","39.5","18246","9.6","15117","5.0","2357","32.5","17170","9.0","14251","4.5","2230","31.7","68","57.4","40","42.5","28","78.6","99","5.1","83","6.0","16","0.0","728","18.1","625","12.5","43","34.9","17","70.6","14","85.7","3","0.0","164","15.2","104","2.9","37","59.5","452","5.5","208","6.3","170","7.1","954","22.5","728","19.2","163","46.0","16425","8.2","13644","3.7","2132","30.6","13567","7.1","11065","4.2","1876","21.0","8433","1.9","7159","1.5","861","3.9","3608","2.4","3298","1.9","290","7.9","1160","32.4","563","14.0","476","48.7","5019","4.0","4341","1.7","549","18.8","741","36.4","454","16.3","209","73.2","2462","15.8","1759","9.4","455","34.9","5432","14.9","3874","7.9","1203","31.2","10063","3.1","9238","2.4","660","13.6","10858","5.4","9501","2.9","976","16.9","6378","14.2","4594","6.7","1340","38.1","1334","18.2","1102","12.9","211","47.9","128","33.6","128","33.6","0","-","9935","8.3","7940","2.6","1359","28.5","6989","9.7","5705","5.9","1094","30.3","1514","15.0","1432","11.7","74","79.7","260","21.2","248","22.2","0","-","3150","17.8","2498","5.2","458","67.9","5560","13.8","3921","8.7","1270","27.6","8250","4.8","7342","3.2","645","18.0","1738","3.2","1564","3.5","154","0.0","8497","(X)","7085","(X)","9687","(X)","19.6","(X)","(X)","(X)","(X)","(X)"
"4","41005","101963","6.8","81180","3.7","14326","22.4","47502","11.1","34103","5.6","9686","28.6","99760","6.7","79680","3.6","13848","22.4","93590","6.2","75148","3.3","12858","21.7","728","31.3","380","10.5","243","41.6","631","26.9","361","19.4","200","40.0","3600","4.3","2905","3.0","413","16.2","160","0.0","83","0.0","0","-","1051","30.4","803","29.4","134","47.8","2203","10.1","1500","4.9","478","24.9","5709","23.8","4319","18.2","782","35.2","89605","5.7","71997","2.9","12401","21.5","75040","5.1","59648","2.9","10119","15.4","51290","1.5","41332","0.8","6267","4.8","18729","2.7","16099","2.5","2074","3.7","5671","23.5","3053","11.1","2095","42.1","26077","3.2","21904","1.9","2871","10.7","6119","19.3","4293","16.7","1191","26.7","20746","10.6","15428","5.3","3718","31.0","39060","6.5","29994","2.7","6306","21.7","36038","2.8","31465","2.0","3111","12.1","54461","3.1","47077","2.2","4640","9.6","38068","10.7","26372","4.9","8478","27.9","8658","12.0","7143","8.4","1100","31.9","776","17.1","588","3.4","108","51.9","48630","6.0","37705","2.6","7373","22.5","40823","6.8","32410","3.4","5926","22.6","10941","10.3","9688","8.7","904","18.8","1569","6.2","1377","3.7","123","38.2","14654","16.8","11663","6.6","2427","61.0","32224","10.3","20712","6.3","7692","20.6","43625","2.3","38537","2.1","3462","3.7","11460","1.3","10268","1.1","745","3.5","8945","(X)","8286","(X)","9613","(X)","24.6","(X)","(X)","(X)","(X)","(X)"
"5","41007","9878","13.4","7546","6.5","1698","40.3","4230","26.0","2659","11.8","1102","60.5","9553","12.6","7331","5.9","1609","38.5","9088","11.5","7010","4.8","1514","37.2","20","0.0","20","0.0","0","-","62","29.0","50","24.0","12","50.0","168","18.5","101","13.9","49","34.7","0","-","0","-","0","-","215","50.2","150","49.3","34","100.0","325","37.2","215","26.5","89","71.9","623","24.6","393","23.9","130","26.2","8704","11.6","6791","4.8","1418","39.7","6848","11.6","5287","6.1","1048","34.8","3915","5.3","3152","5.0","449","4.7","2236","3.6","1838","3.7","334","1.8","1050","35.6","503","6.8","499","64.3","3427","6.8","2664","4.3","620","15.3","726","26.3","436","15.4","190","51.6","2249","19.3","1632","12.3","395","35.7","4330","13.2","3262","5.0","876","43.4","2573","4.9","2216","2.8","237","27.4","5648","3.9","4887","3.6","596","2.9","3456","23.3","2178","9.5","909","56.7","754","37.0","476","22.9","178","77.0","20","75.0","5","0.0","15","100.0","5421","9.0","4277","3.2","791","30.8","3530","16.7","2530","9.0","749","45.3","807","29.4","655","19.5","138","73.2","120","3.3","84","0.0","20","0.0","1815","23.9","1348","7.6","404","74.8","2886","20.8","1673","9.4","817","42.6","4239","5.8","3708","6.0","378","0.0","938","4.6","817","1.1","99","34.3","7699","(X)","6275","(X)","9089","(X)","27.2","(X)","(X)","(X)","(X)","(X)"
"6","41009","13725","9.3","10862","4.3","2004","33.2","5906","17.7","3948","7.9","1360","43.4","13481","9.3","10628","4.2","2004","33.2","12951","8.8","10265","4.1","1850","31.4","38","57.9","16","0.0","22","100.0","156","0.0","117","0.0","39","0.0","150","4.0","107","5.6","30","0.0","9","0.0","9","0.0","0","-","177","48.0","114","19.3","63","100.0","244","6.1","234","6.4","0","-","466","36.9","318","16.7","132","90.2","12675","8.3","10074","3.9","1781","29.5","9656","7.5","7476","2.9","1458","26.8","6215","1.1","5054","1.0","754","2.5","2590","4.1","2192","3.6","270","10.7","910","32.6","413","11.1","369","60.7","3916","3.0","3337","2.0","368","11.1","1190","26.4","807","12.6","302","64.9","4041","9.8","3045","5.0","647","25.8","5716","7.3","4578","2.2","818","33.6","2778","5.2","2432","4.5","237","11.8","7819","2.9","6914","2.2","644","11.8","4677","15.4","3067","5.6","1063","39.0","1152","24.0","834","14.6","267","54.3","77","63.6","47","40.4","30","100.0","7223","6.6","5800","2.2","1047","28.5","5097","9.6","3872","4.1","757","31.3","1249","20.8","1081","14.7","153","66.0","156","31.4","109","17.4","47","63.8","2366","16.3","1897","7.3","361","60.9","4810","15.5","2977","8.3","1215","31.9","5420","2.5","4961","1.5","360","16.4","1129","0.5","1027","0.6","68","0.0","9582","(X)","8763","(X)","9995","(X)","21.6","(X)","(X)","(X)","(X)","(X)"
"7","41011","15899","11.3","12294","6.2","2546","33.0","5839","18.7","3737","9.3","1607","39.6","15355","11.4","11939","6.4","2448","32.9","14623","10.7","11378","5.9","2308","31.2","58","60.3","50","70.0","0","-","433","22.4","326","12.3","100","54.0","148","5.4","139","5.8","9","0.0","21","81.0","21","81.0","0","-","72","43.1","25","0.0","31","100.0","544","6.3","355","0.0","98","34.7","588","24.3","409","14.4","111","75.7","14245","10.4","11096","5.8","2223","29.7","9337","8.8","7280","4.2","1378","31.2","5692","2.0","4561","0.9","688","10.2","4752","6.4","3837","4.3","674","17.5","1668","23.5","838","16.5","711","35.2","6705","8.0","5236","4.4","969","24.3","1715","22.1","1076","13.7","376","47.6","4293","11.3","3125","4.7","808","32.9","6462","12.3","4910","7.7","1206","30.8","3429","3.7","3183","3.0","156","14.7","10060","6.9","8557","4.9","939","21.5","4732","16.3","2958","6.6","1400","34.3","1048","28.6","753","19.7","186","73.1","59","42.4","26","15.4","21","100.0","9571","9.8","7468","5.4","1469","27.4","4721","11.4","3568","4.9","837","36.8","1464","18.9","1164","12.6","203","63.5","143","27.3","94","41.5","37","0.0","3973","14.3","3191","8.3","571","42.9","5332","17.1","3268","8.0","1436","38.2","5695","4.7","5070","4.1","440","9.1","899","4.6","765","4.6","99","6.1","8367","(X)","8885","(X)","8088","(X)","27.0","(X)","(X)","(X)","(X)","(X)"
"8","41013","6041","14.6","4901","11.3","720","35.8","2398","28.0","1664","22.2","513","47.4","5944","14.4","4826","11.3","720","35.8","5791","13.7","4687","10.4","720","35.8","0","-","0","-","0","-","27","0.0","25","0.0","0","-","0","-","0","-","0","-","0","-","0","-","0","-","126","45.2","114","50.0","0","-","97","28.9","75","13.3","0","-","394","25.6","301","33.6","41","0.0","5537","13.8","4514","10.1","679","38.0","3803","12.7","2924","9.0","527","35.3","2312","2.7","1811","2.7","273","5.5","1649","5.6","1459","5.3","129","0.0","542","34.7","400","36.0","114","30.7","2123","3.7","1886","4.2","180","0.0","758","31.9","428","25.0","263","51.3","2145","12.4","1820","11.3","160","11.3","2126","12.9","1805","11.6","232","28.0","1012","9.8","848","3.9","65","61.5","3643","5.8","3237","5.7","207","7.2","2002","23.6","1327","16.7","474","44.3","370","53.5","311","47.3","39","84.6","26","0.0","26","0.0","0","-","3401","7.5","2865","5.4","284","23.2","2172","20.1","1603","15.1","401","39.7","381","40.7","346","35.3","35","94.3","87","41.4","87","41.4","0","-","1469","17.2","1251","11.8","161","44.7","2016","23.4","1432","18.1","410","45.4","2338","6.8","2014","7.4","135","0.0","218","0.0","204","0.0","14","0.0","9112","(X)","8726","(X)","9719","(X)","30.2","(X)","(X)","(X)","(X)","(X)"
"9","41015","6164","7.8","5066","2.9","664","42.3","1812","19.8","1070","8.3","376","58.5","6081","7.9","4992","2.9","664","42.3","5730","7.7","4762","3.1","567","43.2","27","0.0","27","0.0","0","-","198","18.2","109","0.0","89","40.4","34","0.0","23","0.0","0","-","0","-","0","-","0","-","92","0.0","71","0.0","8","0.0","83","0.0","74","0.0","0","-","324","13.0","290","10.0","21","61.9","5498","7.3","4543","2.6","554","41.9","3322","6.8","2547","0.6","414","38.4","1957","5.3","1511","1.1","196","25.0","2148","1.7","1921","0.8","174","12.6","527","29.2","310","23.9","167","47.9","2868","2.7","2543","0.6","254","24.8","420","11.2","342","7.6","34","61.8","1789","12.4","1357","2.1","253","56.1","2537","7.0","2048","3.9","293","33.8","1418","2.3","1319","1.0","84","22.6","4352","2.7","3996","1.5","288","21.2","1528","18.7","861","4.5","344","57.3","238","30.7","163","30.7","32","71.9","46","0.0","46","0.0","0","-","4187","5.6","3561","1.6","458","35.8","1647","11.4","1238","3.2","179","61.5","258","22.1","195","25.6","27","25.9","72","0.0","72","0.0","0","-","2196","9.2","1983","5.3","162","60.5","1719","15.1","1076","2.4","353","51.8","1916","0.5","1685","0.6","138","0.0","333","1.8","322","1.9","11","0.0","N","(X)","N","(X)","N","(X)","30.5","(X)","(X)","(X)","(X)","(X)"
"10","41017","43353","10.8","34757","6.7","5726","28.2","19121","17.2","13241","9.6","3919","34.4","42633","10.8","34363","6.7","5566","28.1","40986","10.3","33075","6.2","5375","28.3","163","0.0","163","0.0","0","-","328","39.3","313","39.9","2","0.0","332","25.9","234","16.2","79","36.7","100","0.0","71","0.0","29","0.0","724","24.0","507","16.2","81","14.8","720","11.4","394","6.9","160","34.4","2577","29.6","1806","19.3","360","63.1","39262","9.2","31818","5.6","5085","25.7","29510","8.7","23102","4.9","4125","22.2","16966","2.4","13694","1.4","1786","2.9","9018","5.1","7991","4.8","742","9.0","2779","29.2","1523","19.2","964","45.0","13001","7.5","11067","5.8","1507","16.0","2728","23.9","1731","15.3","440","46.4","7901","13.5","6338","8.7","1079","25.2","17992","13.0","13612","8.2","3143","31.3","14732","4.3","13076","3.0","1064","14.7","24232","5.8","21516","4.9","1807","14.9","15601","14.3","10421","5.9","3492","30.2","3114","31.9","2436","24.4","405","68.9","406","16.0","384","13.8","22","54.5","24397","8.7","19386","4.8","3136","22.2","14903","11.3","11749","5.9","2303","33.3","3535","22.1","3126","19.0","265","54.0","518","20.5","496","19.0","22","54.5","8760","18.3","7425","10.9","980","63.9","13135","15.5","8371","8.2","3023","25.4","18646","4.4","16498","4.2","1412","9.2","2812","8.4","2463","5.8","311","30.2","8881","(X)","8035","(X)","10192","(X)","25.8","(X)","(X)","(X)","(X)","(X)"
"11","41019","29217","13.7","22478","7.1","4627","38.9","11012","26.0","6838","12.5","2916","53.5","28458","13.6","22010","6.9","4420","39.7","27609","13.2","21494","6.8","4182","38.4","59","20.3","37","0.0","12","100.0","419","26.7","227","6.2","161","60.9","158","42.4","113","27.4","45","80.0","8","62.5","3","0.0","5","100.0","205","18.5","136","10.3","15","0.0","759","16.5","468","16.7","207","22.2","836","21.9","604","14.6","91","26.4","26987","13.0","21052","6.6","4091","38.6","17267","12.0","12872","3.9","2976","39.0","9514","4.2","7397","1.8","1292","19.5","8033","5.7","6851","4.4","856","15.3","2637","33.9","1670","18.9","728","56.2","11755","7.5","9706","5.7","1412","17.6","2740","23.5","1856","15.4","479","30.7","8369","15.3","6431","9.0","1248","40.5","12795","14.8","9664","6.4","2380","46.5","5313","3.3","4527","2.7","520","8.1","18205","6.2","15640","4.8","1711","14.0","8649","23.9","5121","9.6","2523","50.1","2222","32.6","1600","19.6","385","74.8","141","54.6","117","45.3","8","100.0","17364","10.0","13611","5.3","2549","29.0","9103","17.8","6486","6.9","1803","51.6","2347","23.6","2023","19.0","246","46.7","403","21.3","358","14.8","29","58.6","7413","20.1","5806","11.8","1100","55.9","10485","18.9","6719","9.8","2640","36.3","9443","5.4","8244","2.9","786","29.1","1876","1.3","1709","1.4","101","0.0","7690","(X)","7194","(X)","7609","(X)","28.4","(X)","(X)","(X)","(X)","(X)"
"12","41021","532","5.6","435","3.7","76","10.5","206","12.1","136","8.1","49","16.3","519","5.8","422","3.8","76","10.5","503","4.8","412","3.9","76","10.5","0","-","0","-","0","-","6","0.0","6","0.0","0","-","0","-","0","-","0","-","6","100.0","0","-","0","-","4","0.0","4","0.0","0","-","13","0.0","13","0.0","0","-","12","0.0","4","0.0","8","0.0","495","4.8","412","3.9","68","11.8","355","2.8","293","0.7","47","17.0","248","0.0","201","0.0","32","0.0","136","3.7","107","4.7","29","0.0","22","0.0","3","0.0","19","0.0","162","2.5","147","2.0","15","6.7","39","17.9","30","23.3","9","0.0","169","8.9","118","7.6","30","0.0","242","3.3","205","0.0","37","21.6","82","0.0","82","0.0","0","-","326","1.5","299","1.7","27","0.0","167","15.0","104","10.6","49","16.3","39","0.0","32","0.0","0","-","0","-","0","-","0","-","300","1.7","259","1.9","33","0.0","195","12.8","139","7.9","43","18.6","37","0.0","37","0.0","0","-","0","-","0","-","0","-","100","20.0","75","18.7","19","0.0","177","5.6","114","1.8","48","16.7","204","0.0","196","0.0","8","0.0","51","0.0","50","0.0","1","0.0","N","(X)","N","(X)","N","(X)","27.4","(X)","(X)","(X)","(X)","(X)"
"13","41023","2126","13.8","1772","7.8","234","45.7","769","23.9","506","10.1","182","54.9","2095","14.0","1747","8.0","230","46.5","2083","13.9","1738","7.8","227","47.1","0","-","0","-","0","-","5","60.0","5","60.0","0","-","0","-","0","-","0","-","0","-","0","-","0","-","7","0.0","4","0.0","3","0.0","31","0.0","25","0.0","4","0.0","42","11.9","42","11.9","0","-","2045","13.9","1700","7.7","227","47.1","1350","11.1","1106","4.9","156","40.4","709","8.2","569","0.7","103","37.9","636","8.2","589","8.5","40","5.0","175","32.6","135","26.7","12","50.0","940","7.9","844","7.9","76","9.2","175","45.1","162","43.8","11","54.5","581","16.4","438","3.7","98","80.6","892","12.0","749","6.9","80","21.3","478","2.5","423","0.0","45","11.1","1357","8.0","1266","7.0","52","13.5","610","23.1","369","6.0","181","54.7","158","27.2","136","21.3","1","100.0","1","0.0","1","0.0","0","-","1407","13.6","1168","7.5","179","51.4","531","11.1","429","5.1","55","27.3","172","24.4","159","18.2","0","-","16","0.0","16","0.0","0","-","534","19.9","472","14.4","46","82.6","643","23.0","432","10.4","141","48.9","834","3.8","764","2.5","47","0.0","115","6.1","104","6.7","0","-","6160","(X)","3026","(X)","9286","(X)","32.8","(X)","(X)","(X)","(X)","(X)"
"14","41025","2158","14.9","1760","10.7","277","40.1","928","23.4","630","17.3","206","44.7","2126","13.9","1728","9.4","277","40.1","2033","13.3","1685","8.8","247","41.3","0","-","0","-","0","-","55","16.4","9","0.0","30","30.0","20","75.0","20","75.0","0","-","4","0.0","4","0.0","0","-","14","0.0","10","0.0","0","-","32","81.3","32","81.3","0","-","20","10.0","16","12.5","0","-","2029","13.4","1681","8.8","247","41.3","1476","10.9","1202","6.1","213","39.0","956","6.8","850","7.2","50","8.0","531","4.9","465","3.4","38","26.3","276","37.7","140","59.3","98","16.3","858","9.6","660","5.8","100","28.0","239","35.6","224","32.6","15","80.0","817","13.2","580","3.6","169","42.0","759","15.3","632","15.0","77","20.8","343","3.5","324","0.0","16","75.0","1230","8.5","1130","7.1","71","26.8","782","24.0","501","16.6","200","44.5","122","15.6","105","15.2","6","50.0","24","41.7","24","41.7","0","-","1172","14.2","999","8.0","145","55.9","815","15.5","604","13.7","129","20.9","147","12.9","133","12.0","3","100.0","24","41.7","24","41.7","0","-","436","32.3","375","30.9","31","80.6","635","18.9","390","3.3","161","53.4","991","5.8","903","6.3","85","0.0","96","3.1","92","3.3","0","-","N","(X)","N","(X)","N","(X)","33.4","(X)","(X)","(X)","(X)","(X)"
"15","41027","5453","6.7","4535","4.6","610","24.4","2620","10.2","1989","6.7","468","26.9","5417","6.7","4518","4.6","610","24.4","5123","6.2","4239","4.1","599","23.5","17","0.0","17","0.0","0","-","0","-","0","-","0","-","72","11.1","61","0.0","11","72.7","13","61.5","13","61.5","0","-","192","14.6","188","14.9","0","-","36","0.0","17","0.0","0","-","1198","11.9","908","7.7","158","46.2","4138","5.0","3525","3.7","441","15.4","4190","5.7","3509","3.5","480","24.0","2648","1.4","2269","0.9","203","8.4","1094","7.3","908","6.3","88","26.1","390","25.6","222","0.0","122","82.0","1439","6.3","1198","5.3","135","20.0","779","11.8","612","12.7","24","29.2","1316","15.2","1044","8.0","206","56.8","1688","3.4","1328","2.5","277","9.0","1670","0.8","1551","0.9","103","0.0","2833","3.5","2546","2.9","142","16.2","2209","3.7","1708","1.6","342","13.5","318","35.2","261","40.2","53","13.2","93","78.5","20","0.0","73","100.0","2386","5.1","2028","3.7","237","16.9","2443","2.6","2009","1.4","265","13.6","589","28.5","463","20.5","108","67.6","35","28.6","35","28.6","0","-","723","12.4","590","9.7","83","31.3","1257","12.6","718","4.9","393","31.3","2733","4.2","2538","4.6","97","0.0","740","0.0","689","0.0","37","0.0","N","(X)","N","(X)","N","(X)","21.3","(X)","(X)","(X)","(X)","(X)"
"16","41029","53998","12.7","40751","6.6","9753","33.9","23541","20.7","14525","9.3","6610","42.6","52650","12.3","40034","6.6","9263","32.7","50754","11.8","38801","6.2","8872","32.8","284","41.5","91","0.0","84","58.3","389","22.4","276","26.4","76","10.5","439","17.3","325","17.8","67","26.9","104","35.6","53","0.0","14","0.0","680","24.4","488","20.1","150","28.7","1348","24.9","717","4.9","490","57.3","4441","19.5","2946","12.4","980","39.1","47315","11.4","36551","6.0","8093","32.1","35515","11.0","26269","5.8","6587","29.2","20760","3.2","16086","2.4","3271","7.7","12824","4.7","10996","3.3","1441","14.1","4245","34.0","2241","20.8","1674","45.7","18284","6.8","15046","4.5","2656","17.0","5397","28.3","3551","19.4","1413","44.4","12892","14.7","9255","7.2","2546","37.2","21178","13.2","15467","6.6","4317","34.0","14531","4.2","12478","2.4","1477","17.9","30457","6.4","26226","5.0","3143","15.6","19152","18.4","11577","7.5","5552","38.0","3956","30.1","2702","17.4","919","66.6","433","35.1","246","6.9","139","71.9","29483","9.2","22982","5.2","4701","25.6","19272","16.0","13601","6.4","4242","42.3","4663","19.7","3695","15.2","716","36.9","580","19.7","473","11.2","94","51.1","11046","18.1","8733","7.5","1834","58.5","18400","19.7","10916","11.7","5514","33.3","20480","5.2","17519","3.6","1950","19.8","4072","3.4","3583","3.4","455","3.5","8441","(X)","6522","(X)","9330","(X)","26.9","(X)","(X)","(X)","(X)","(X)"
"17","41031","5506","15.0","3705","5.4","1048","41.9","2453","26.7","1194","6.4","790","52.0","5469","14.9","3675","5.2","1045","41.7","3958","11.0","3039","4.6","573","42.9","16","25.0","2","0.0","14","28.6","836","25.1","227","11.5","365","38.9","54","0.0","53","0.0","1","0.0","80","11.3","71","0.0","0","-","525","29.5","283","9.5","92","47.8","37","27.0","30","23.3","3","100.0","828","28.5","510","10.2","155","64.5","3704","9.7","2842","4.0","516","38.0","3550","12.2","2368","4.2","645","33.5","2083","3.6","1377","1.4","334","3.9","1367","4.4","1134","4.4","143","7.0","565","34.5","224","11.6","256","53.5","1924","6.5","1549","5.7","207","7.7","851","34.3","480","12.1","207","82.1","1793","9.6","1122","3.2","351","30.8","1943","16.1","1351","7.8","444","35.6","919","5.1","752","0.0","46","6.5","3053","5.5","2511","4.9","258","10.9","1990","23.0","1017","2.1","608","52.8","381","36.2","130","22.3","156","41.0","82","74.4","47","55.3","26","100.0","2907","14.1","2130","5.7","398","53.3","2084","12.1","1300","1.2","426","32.2","350","22.0","204","11.8","139","37.4","165","51.5","71","53.5","85","44.7","1136","27.0","797","9.5","229","77.7","1957","17.6","1090","6.7","429","44.3","1868","4.8","1500","1.3","225","21.8","545","15.2","318","9.4","165","13.3","9561","(X)","6776","(X)","11083","(X)","41.8","(X)","(X)","(X)","(X)","(X)"
"18","41033","22009","14.3","16877","8.9","3440","30.5","8152","27.4","4892","15.7","2133","41.8","21597","14.1","16582","8.8","3377","30.0","21077","13.8","16132","8.4","3333","30.0","67","19.4","40","0.0","27","48.1","279","31.9","258","34.5","11","0.0","90","25.6","84","27.4","6","0.0","8","0.0","8","0.0","0","-","76","21.1","60","0.0","0","-","412","28.2","295","13.6","63","57.1","1126","19.4","819","9.4","182","26.4","20109","13.6","15395","8.3","3183","30.7","12444","12.4","9309","6.6","2008","27.8","7410","4.9","5739","3.2","1057","6.9","6247","4.4","5467","3.9","633","10.0","2139","37.4","1073","30.4","855","40.7","9074","4.7","7533","4.1","1092","9.7","1964","22.0","1495","17.1","269","21.6","6316","19.7","4590","14.3","1173","38.2","9491","13.2","7107","6.1","1599","31.7","4238","5.4","3685","4.3","399","9.0","13857","6.7","11985","6.2","1307","12.1","6215","23.9","3407","9.9","1758","36.5","1758","38.1","1359","28.3","322","65.8","179","45.8","126","34.9","53","71.7","13163","10.4","10368","6.4","1727","25.0","6462","17.4","4581","8.6","1319","34.3","2114","27.9","1712","22.0","340","47.4","270","26.7","216","31.9","54","5.6","6448","17.4","5285","10.8","844","50.1","7369","21.7","4312","13.6","1924","28.1","6866","5.2","6137","4.4","533","15.9","1326","5.7","1143","6.6","139","0.0","9220","(X)","8415","(X)","10597","(X)","31.7","(X)","(X)","(X)","(X)","(X)"
"19","41035","18313","14.4","13327","9.1","3258","35.8","8278","22.7","4953","15.3","2185","42.1","17769","13.9","13000","8.9","3111","35.0","16432","13.1","12288","8.6","2616","35.4","129","49.6","47","0.0","64","71.9","710","22.1","317","22.7","312","21.2","146","10.3","117","7.7","17","35.3","9","0.0","9","0.0","0","-","343","21.3","222","8.6","102","43.1","544","29.8","327","16.5","147","52.4","1469","25.7","782","24.4","470","36.8","15554","12.4","11786","7.6","2438","35.0","11549","11.2","8253","6.9","1974","31.5","7170","4.6","5171","3.5","1043","13.4","4205","7.7","3409","4.7","609","23.8","1797","41.5","836","32.3","749","56.6","6550","11.3","5055","6.7","1106","27.8","2001","35.2","1222","26.7","647","53.9","5708","16.0","3691","8.6","1206","37.4","6661","14.0","4959","9.8","1069","34.2","3943","2.0","3455","2.3","336","0.0","10035","7.5","8374","5.4","1073","23.0","6723","20.7","3722","13.9","1888","36.2","1505","32.4","1181","20.6","297","79.1","50","0.0","50","0.0","0","-","9986","10.5","7311","5.8","1659","32.4","6269","18.7","4232","11.9","1380","36.4","1914","20.9","1661","16.8","198","61.1","144","5.6","123","2.4","21","23.8","4084","22.1","3010","11.2","799","53.3","6195","21.6","3512","14.8","1773","39.8","6903","5.4","5902","5.8","573","5.4","1131","1.1","903","1.0","113","2.7","7250","(X)","6766","(X)","8069","(X)","24.2","(X)","(X)","(X)","(X)","(X)"
"20","41037","2148","14.2","1878","10.5","197","53.8","819","23.9","664","15.8","117","77.8","2112","14.1","1852","10.7","188","53.2","1996","14.2","1746","10.5","178","56.2","14","0.0","14","0.0","0","-","26","53.8","26","53.8","0","-","10","0.0","0","-","10","0.0","1","0.0","1","0.0","0","-","65","0.0","65","0.0","0","-","36","16.7","26","0.0","9","66.7","88","4.5","88","4.5","0","-","1963","14.3","1713","10.5","178","56.2","1428","12.2","1289","10.1","101","43.6","860","0.9","799","1.0","29","0.0","512","4.5","504","4.6","6","0.0","227","46.7","160","66.3","38","0.0","829","5.7","749","6.3","27","0.0","282","10.6","208","1.9","45","57.8","688","23.4","622","19.6","56","69.6","710","13.5","598","9.2","84","48.8","468","3.6","450","3.8","12","0.0","1329","8.1","1214","7.7","80","18.8","699","23.2","578","15.9","93","75.3","85","15.3","72","18.1","3","0.0","35","60.0","14","0.0","21","100.0","1263","9.6","1086","5.8","123","47.2","688","13.7","632","10.6","41","65.9","181","49.2","144","47.2","33","63.6","16","0.0","16","0.0","0","-","501","23.2","403","13.4","96","64.6","592","23.0","485","22.1","40","72.5","873","6.0","817","4.5","52","28.8","182","0.0","173","0.0","9","0.0","6854","(X)","4750","(X)","10785","(X)","29.7","(X)","(X)","(X)","(X)","(X)"
"21","41039","86248","12.1","64192","5.8","15472","33.3","37022","20.3","23140","8.9","9840","44.1","83964","11.8","62708","5.7","14877","32.8","79284","11.5","59649","5.5","13733","33.1","586","18.9","403","11.4","135","12.6","863","10.0","541","12.0","267","7.9","1472","17.1","969","4.9","352","37.8","99","29.3","45","2.2","15","100.0","1660","20.3","1101","12.6","375","43.2","2284","22.2","1484","10.7","595","45.7","5046","21.0","3414","15.7","1062","44.5","76335","11.1","57555","5.0","13186","32.7","58863","9.5","43684","4.2","10243","26.7","35048","3.0","27110","1.6","5376","10.9","17987","3.8","14837","2.6","2327","11.3","6616","30.6","3149","16.2","2814","45.5","26235","6.1","21280","3.3","3615","18.7","6464","23.4","3960","13.1","1486","48.9","18941","15.3","13556","9.3","3600","33.3","34933","13.8","24770","5.7","7422","36.4","25910","4.6","21906","2.3","2964","17.9","49226","5.9","41052","4.0","5632","14.5","30270","19.4","18126","8.0","8473","40.1","6164","22.9","4573","10.4","1240","67.3","588","42.0","441","30.6","127","88.2","47475","10.1","34683","4.0","8514","27.0","30993","14.5","22670","7.0","6309","40.1","6752","12.3","5986","9.7","511","45.8","1028","26.8","853","20.3","138","73.9","16722","22.0","12323","8.7","3291","63.5","28924","17.5","16687","9.8","8374","30.2","33966","4.0","29426","2.8","3145","13.5","6636","4.5","5756","3.2","662","17.4","8675","(X)","7674","(X)","9395","(X)","22.7","(X)","(X)","(X)","(X)","(X)"
"22","41041","13045","11.3","10146","6.3","2005","35.3","4736","20.3","2865","9.7","1263","46.7","12644","11.0","9935","6.5","1847","34.3","11816","11.0","9322","6.4","1732","33.5","23","30.4","11","0.0","7","100.0","253","13.4","169","16.6","63","1.6","128","22.7","114","13.2","14","100.0","98","31.6","67","0.0","31","100.0","326","0.0","252","0.0","0","-","401","18.5","211","0.0","158","46.8","788","19.2","574","13.9","50","62.0","11386","10.1","9013","5.8","1691","33.0","8331","9.5","6338","5.3","1207","29.4","4700","4.9","3756","2.9","509","14.7","3580","3.7","3073","1.9","409","18.6","1071","35.2","590","13.9","404","70.8","5108","6.7","4219","3.8","655","23.7","1364","28.4","782","17.6","370","46.8","3324","15.2","2533","8.1","548","51.3","5154","9.8","3953","5.9","840","29.3","3203","2.3","2878","2.3","247","2.8","8309","6.1","7281","5.0","742","15.8","3780","20.1","2258","10.4","1049","42.6","934","20.8","585","5.8","214","66.8","22","40.9","22","40.9","0","-","7781","8.3","6419","5.5","989","22.8","4158","15.7","2847","7.5","887","45.0","969","17.1","754","8.8","129","64.3","137","6.6","126","7.1","0","-","3241","16.6","2642","7.3","543","59.7","3670","17.1","2184","11.2","968","30.6","5037","5.9","4294","4.8","477","15.9","1097","1.0","1026","0.0","17","64.7","8106","(X)","6905","(X)","9349","(X)","28.7","(X)","(X)","(X)","(X)","(X)"
"23","41043","30845","12.6","23866","6.1","5065","41.4","13580","23.1","8759","11.4","3637","50.9","30383","12.5","23542","6.1","4976","40.7","29123","11.6","22778","5.6","4650","39.4","30","56.7","13","0.0","17","100.0","517","39.7","297","14.8","128","95.3","222","14.9","118","9.3","51","43.1","41","70.7","12","0.0","29","100.0","450","31.3","324","36.1","101","5.0","462","18.6","324","4.6","89","79.8","1771","33.7","1055","28.7","474","51.9","27922","10.6","22087","4.9","4317","37.6","20674","9.2","15943","4.5","3259","30.6","12922","3.1","10473","2.6","1553","6.2","6665","4.0","5738","2.8","758","13.6","2534","40.8","1246","16.2","1129","65.6","9696","6.5","8030","2.9","1290","29.9","2837","25.0","2016","15.6","569","57.8","9015","13.9","6738","6.7","1541","46.0","14048","12.7","10762","5.4","2479","41.9","4945","2.6","4350","2.5","476","4.0","17265","4.3","15107","3.0","1428","17.0","10699","20.0","6711","8.0","2941","47.6","2562","30.4","1869","19.4","641","62.2","319","68.3","179","54.2","55","96.4","15937","9.5","12440","3.4","2432","39.0","11384","13.6","8422","6.3","2245","40.8","3047","21.1","2576","14.1","355","58.6","477","39.0","428","33.9","33","75.8","6445","21.9","4799","7.7","1354","69.8","10173","20.5","6379","13.2","2757","37.4","11776","2.9","10419","2.0","812","14.5","2451","1.8","2269","1.8","142","2.1","8825","(X)","9336","(X)","8401","(X)","24.4","(X)","(X)","(X)","(X)","(X)"
"24","41045","6879","20.0","5235","11.5","1198","54.1","3440","30.9","2350","18.4","804","64.8","6670","19.1","5110","10.9","1116","53.0","5970","17.5","4599","8.9","988","55.6","68","57.4","20","0.0","9","0.0","32","0.0","30","0.0","2","0.0","117","9.4","96","3.1","8","100.0","0","-","0","-","0","-","483","37.3","365","40.0","109","31.2","209","48.3","125","34.4","82","69.5","1695","35.6","1161","23.1","404","60.9","4994","15.1","3934","8.3","759","51.3","4722","16.3","3609","10.6","745","37.3","2825","9.4","2211","5.0","402","26.4","1575","8.9","1327","3.4","179","47.5","601","39.6","314","19.4","251","64.9","2153","8.7","1723","5.5","316","24.7","1325","40.7","777","22.7","410","69.3","1647","20.5","1374","14.3","183","66.1","2839","16.0","2130","9.8","520","41.9","1068","4.3","954","2.2","85","29.4","3439","9.1","2885","5.9","394","32.2","2411","29.4","1572","15.5","598","62.0","872","31.0","676","20.1","151","79.5","157","53.5","102","52.9","55","54.5","3246","13.3","2477","6.8","480","39.6","2386","26.9","1734","13.0","514","69.8","1064","22.8","850","16.9","195","50.8","183","34.4","174","36.2","9","0.0","1268","28.3","933","8.7","294","87.8","2315","30.1","1423","20.7","643","50.2","2590","11.4","2200","9.1","242","27.7","706","3.7","679","3.8","19","0.0","8861","(X)","8036","(X)","9896","(X)","27.6","(X)","(X)","(X)","(X)","(X)"
"25","41047","78306","14.3","57478","7.8","14838","36.9","39826","23.6","25427","13.3","10712","47.2","76345","13.9","56422","7.7","14162","36.2","66677","11.4","50293","5.6","11978","33.1","512","30.9","335","11.3","78","73.1","937","21.9","522","5.0","342","40.9","1261","19.8","999","15.0","122","13.1","518","62.7","334","59.9","125","100.0","6440","33.0","3939","28.8","1517","54.8","1961","28.5","1056","11.6","676","50.3","14804","27.5","9187","21.7","3528","46.6","58659","9.8","45317","4.4","9978","32.1","56615","12.2","40963","6.9","10781","30.7","35638","5.5","26583","4.0","5745","11.6","13807","3.2","11911","2.6","1547","4.8","6563","39.4","3096","26.5","2742","55.3","20495","5.1","16801","2.4","2783","17.6","11711","32.2","7240","25.2","2746","58.8","18601","17.0","12801","9.2","4073","37.7","29252","12.2","21185","4.8","6235","34.1","18742","3.7","16252","2.8","1784","10.9","38480","4.7","32051","3.5","4126","10.0","28838","19.3","17852","8.9","8262","41.1","10061","33.1","6886","21.6","2225","66.7","927","53.0","689","43.1","225","80.4","35821","9.1","25901","3.3","6690","27.4","29695","16.9","20850","7.8","6709","43.8","11086","21.8","9235","17.2","1335","48.8","1704","28.6","1492","27.4","104","46.2","12153","25.0","8823","8.3","2568","75.5","26512","22.4","14734","13.8","8580","38.4","30728","6.0","26401","5.3","2970","7.5","8913","4.2","7520","4.5","720","2.4","9195","(X)","7924","(X)","10537","(X)","24.5","(X)","(X)","(X)","(X)","(X)"
"26","41049","2811","15.4","2180","5.4","421","48.9","1410","25.7","941","10.1","298","53.4","2707","16.0","2082","5.6","415","49.6","2565","15.1","1980","4.6","379","48.8","4","0.0","4","0.0","0","-","14","0.0","14","0.0","0","-","0","-","0","-","0","-","0","-","0","-","0","-","124","37.9","84","31.0","36","58.3","104","0.0","98","0.0","6","0.0","660","32.3","367","15.8","199","52.8","2075","10.7","1743","3.4","216","46.8","2123","14.0","1651","5.4","310","43.5","1488","5.4","1260","3.7","154","11.0","505","5.5","431","2.8","68","23.5","215","31.6","114","14.9","85","57.6","760","3.9","635","2.0","59","0.0","589","26.8","366","16.9","150","34.0","930","17.7","697","1.0","164","72.0","1006","10.3","854","5.0","84","41.7","286","2.4","263","1.9","23","8.7","1401","5.1","1239","1.8","123","38.2","929","24.7","572","6.5","228","50.9","423","21.5","343","13.7","51","47.1","58","74.1","26","42.3","19","100.0","1322","9.2","1095","2.0","162","43.2","917","21.4","621","6.0","204","51.5","454","18.1","375","11.5","30","40.0","118","28.8","89","16.9","25","76.0","390","26.4","282","6.0","71","69.0","955","26.4","634","10.4","225","60.9","1174","4.9","1028","3.0","106","18.9","292","7.2","236","1.3","19","0.0","9092","(X)","8983","(X)","9363","(X)","29.7","(X)","(X)","(X)","(X)","(X)"
"27","41051","166106","12.4","120361","6.3","33084","32.0","81415","19.7","53193","9.3","21046","44.0","161854","12.2","117666","6.3","31799","31.4","134358","9.4","100800","4.8","24079","25.8","9259","33.4","3711","10.7","4208","50.8","1315","35.7","867","15.8","389","74.6","10829","14.4","8581","12.8","1507","22.7","945","28.0","717","21.6","155","63.2","5148","36.0","2990","25.5","1461","61.8","4252","18.7","2695","5.6","1285","47.5","14850","32.1","8760","21.5","4177","57.4","125464","8.0","95485","4.0","21718","22.8","126132","9.0","92969","4.4","23193","25.0","80572","3.5","61811","2.3","12839","9.6","24306","6.0","18279","4.7","4497","8.6","13474","39.3","5907","23.8","6302","56.0","35354","7.1","26007","4.8","6904","12.7","16692","36.9","9837","28.4","5056","57.3","29134","16.7","18824","8.2","7218","35.3","52742","13.5","35022","5.8","13007","32.4","67538","3.6","56678","2.1","7803","11.9","84691","5.4","67168","3.9","12038","11.0","66509","16.1","42841","6.3","17200","37.3","13487","32.4","9466","19.1","3329","71.1","1419","66.6","886","49.5","517","94.8","80840","10.1","55409","4.0","17606","24.5","66251","11.7","49349","4.9","12814","36.7","15969","21.4","12989","14.7","2354","56.9","3046","41.7","2614","39.7","310","74.5","20801","33.7","12664","14.8","6543","65.5","55119","18.2","30131","10.9","18056","29.5","75748","4.0","65227","3.0","7152","12.8","14438","3.8","12339","3.8","1333","4.3","9225","(X)","8893","(X)","9716","(X)","20.9","(X)","(X)","(X)","(X)","(X)"
"28","41053","19535","11.5","15577","6.3","2812","30.7","8650","20.3","6151","11.7","1881","41.0","18892","11.0","15148","6.1","2645","29.7","17703","10.1","14239","4.9","2388","30.2","90","0.0","90","0.0","0","-","205","11.2","168","11.9","25","8.0","263","2.3","239","2.5","13","0.0","70","15.7","25","0.0","45","24.4","561","44.7","387","51.2","174","30.5","643","24.4","429","13.8","167","46.7","1978","25.2","1496","18.6","371","38.8","16466","9.5","13268","4.8","2233","28.2","13585","8.9","10972","5.8","1809","20.3","9005","5.4","7304","4.7","1201","7.7","4211","3.4","3636","3.5","458","3.7","1295","41.6","677","28.1","537","59.8","5890","7.8","5006","4.7","573","14.0","1706","35.3","1194","32.1","420","36.0","4645","15.4","3492","7.2","748","37.8","7026","10.7","5417","5.2","1309","28.6","6158","2.8","5474","1.1","335","16.4","10885","4.4","9426","2.7","931","9.9","6025","17.1","4069","6.1","1500","39.9","2377","25.0","1862","18.8","379","45.6","248","53.2","220","55.0","2","0.0","10017","9.4","7890","2.8","1405","31.2","6694","10.9","5101","5.1","1241","30.1","2457","18.3","2221","16.7","164","31.7","367","33.8","365","34.0","2","0.0","3710","22.4","2789","7.6","672","62.4","5993","15.3","4005","9.1","1437","26.9","8036","4.5","7150","3.8","606","9.6","1796","7.1","1633","7.8","97","0.0","7992","(X)","6696","(X)","8977","(X)","21.6","(X)","(X)","(X)","(X)","(X)"
"29","41055","484","12.8","406","4.9","56","48.2","177","26.6","126","7.9","38","65.8","472","12.3","398","5.0","52","44.2","460","11.3","392","5.1","49","40.8","0","-","0","-","0","-","9","33.3","6","0.0","3","100.0","0","-","0","-","0","-","0","-","0","-","0","-","3","100.0","0","-","0","-","12","33.3","8","0.0","4","100.0","12","75.0","3","0.0","0","-","451","10.2","389","5.1","49","40.8","318","11.6","269","3.7","30","50.0","196","8.7","168","3.6","15","13.3","150","3.3","134","3.7","16","0.0","33","42.4","19","21.1","11","63.6","171","3.5","149","4.0","19","0.0","23","52.2","11","9.1","6","83.3","141","16.3","113","9.7","24","37.5","233","9.4","206","2.9","21","61.9","87","5.7","76","2.6","5","0.0","307","4.9","280","3.6","18","11.1","128","22.7","93","2.2","28","75.0","42","26.2","29","13.8","10","40.0","7","100.0","4","100.0","0","-","294","9.2","249","4.0","30","26.7","135","14.8","114","1.8","17","88.2","43","18.6","34","11.8","9","44.4","12","58.3","9","44.4","0","-","117","16.2","96","7.3","18","50.0","128","25.8","91","9.9","28","53.6","201","5.0","182","2.2","9","33.3","38","0.0","37","0.0","1","0.0","7848","(X)","8155","(X)","8600","(X)","27.5","(X)","(X)","(X)","(X)","(X)"
"30","41057","6575","10.4","5247","6.2","891","37.1","2461","20.4","1617","13.4","582","47.1","6486","10.1","5203","6.0","884","36.7","6208","9.3","5036","5.5","773","36.0","2","0.0","2","0.0","0","-","24","0.0","2","0.0","22","0.0","23","21.7","18","0.0","5","100.0","19","0.0","0","-","19","0.0","210","35.2","145","22.8","65","63.1","89","29.2","44","31.8","7","100.0","477","37.7","392","34.2","65","63.1","5957","8.0","4789","3.7","773","36.0","4165","11.0","3279","7.0","592","38.3","2606","8.7","2093","7.9","293","20.8","1830","4.2","1551","3.1","198","8.1","321","14.0","172","6.4","115","21.7","2570","6.2","2157","3.3","315","22.5","804","30.1","605","25.3","92","77.2","1873","11.2","1364","5.6","320","38.4","2271","9.2","1796","4.0","359","38.2","1627","1.5","1482","1.6","120","0.0","4114","4.4","3630","3.0","309","18.4","1763","14.1","1144","5.3","388","45.6","647","33.7","422","28.7","194","50.0","51","68.6","51","68.6","0","-","3967","7.3","3203","3.4","464","34.1","1969","10.1","1480","3.7","388","36.9","546","29.7","471","27.0","39","76.9","93","37.6","93","37.6","0","-","1643","9.1","1475","5.3","121","43.8","2118","18.9","1198","13.4","640","36.1","2334","4.6","2094","2.9","130","36.2","480","5.4","480","5.4","0","-","7463","(X)","6647","(X)","8423","(X)","21.9","(X)","(X)","(X)","(X)","(X)"
"31","41059","18424","13.1","13235","5.3","3681","41.6","9480","20.0","5637","5.8","2784","51.9","17948","13.2","12941","5.3","3614","41.7","16724","12.6","12296","4.8","3152","42.5","25","0.0","18","0.0","0","-","351","16.8","180","8.9","148","27.0","82","17.1","82","17.1","0","-","8","0.0","8","0.0","0","-","758","26.1","357","20.2","314","40.1","476","9.2","294","3.1","67","38.8","3931","27.2","2194","12.4","1262","60.2","13705","9.1","10537","3.7","2217","32.1","13844","11.3","9654","3.7","2846","37.7","8948","4.7","6554","2.1","1551","16.8","3316","2.9","2806","2.1","392","9.9","1075","31.6","532","7.7","440","64.5","4978","5.0","4104","3.8","658","10.2","3085","28.3","1746","16.0","962","56.8","4812","14.3","3527","5.7","871","44.1","7394","10.8","5200","3.4","1576","36.9","3133","2.0","2762","1.6","272","7.4","8944","5.8","7598","4.9","897","9.7","6727","15.4","3998","3.4","1956","42.2","2518","29.5","1543","10.3","734","72.1","235","51.9","96","32.3","94","96.8","8208","10.1","6247","5.9","1377","25.8","7260","15.2","4778","2.5","1751","51.8","2531","16.4","1907","9.3","518","45.9","425","16.2","303","11.2","35","91.4","2623","23.6","2052","11.8","493","70.8","5755","24.0","2779","7.3","2109","48.5","7762","5.1","6570","3.9","822","16.8","2284","1.0","1834","0.0","257","8.6","9163","(X)","7786","(X)","9925","(X)","31.7","(X)","(X)","(X)","(X)","(X)"
"32","41061","6763","11.9","5465","6.6","820","41.2","2953","21.5","2004","11.2","644","52.2","6627","11.8","5412","6.5","761","43.4","6509","11.5","5325","6.5","736","41.4","9","0.0","9","0.0","0","-","24","0.0","22","0.0","0","-","22","50.0","11","0.0","11","100.0","51","31.4","37","5.4","14","100.0","12","58.3","8","37.5","0","-","136","19.1","53","20.8","59","13.6","183","36.1","147","42.2","32","0.0","6338","10.8","5186","5.5","704","43.3","4632","8.1","3757","4.2","529","32.7","2751","3.1","2350","2.6","188","7.4","1573","3.9","1456","4.2","80","0.0","618","27.8","399","18.3","187","43.3","2294","5.2","2022","5.1","189","9.0","518","32.0","413","24.7","76","78.9","2082","14.0","1663","5.9","293","51.9","2407","11.8","1859","6.3","330","38.2","1756","3.6","1530","2.9","121","0.0","3810","4.5","3461","3.9","176","1.1","2232","19.8","1454","8.0","493","50.9","602","27.1","435","18.9","147","55.1","119","25.2","115","22.6","4","100.0","3665","8.0","2931","4.0","335","26.9","2322","16.5","1831","7.4","419","54.7","625","15.7","575","14.4","43","34.9","151","19.9","128","20.3","23","17.4","1417","23.3","1103","11.1","210","70.0","2136","19.1","1401","13.2","455","39.1","2605","2.6","2387","2.3","124","10.5","605","0.0","574","0.0","31","0.0","8650","(X)","7652","(X)","9057","(X)","28.6","(X)","(X)","(X)","(X)","(X)"
"33","41063","1847","10.7","1504","8.6","289","19.4","582","16.2","341","7.9","216","25.9","1837","10.7","1497","8.7","286","19.6","1815","10.9","1479","8.8","286","19.6","3","0.0","0","-","0","-","13","0.0","13","0.0","0","-","0","-","0","-","0","-","3","0.0","2","0.0","0","-","3","0.0","3","0.0","0","-","10","0.0","7","0.0","3","0.0","23","30.4","12","0.0","11","63.6","1795","10.6","1470","8.8","275","17.8","1292","6.9","1024","3.1","230","20.0","660","3.5","536","1.9","105","8.6","542","5.7","507","6.1","30","0.0","171","42.1","126","51.6","18","0.0","777","5.1","688","5.8","78","0.0","61","13.1","54","14.8","7","0.0","496","10.5","400","10.3","76","14.5","796","16.1","582","12.4","180","25.0","494","1.8","468","1.9","26","0.0","1265","8.1","1163","8.9","73","0.0","503","18.5","282","9.6","196","28.1","68","1.5","48","0.0","20","5.0","11","0.0","11","0.0","0","-","1237","12.2","1042","9.8","175","21.7","531","8.7","393","7.1","104","17.3","66","0.0","56","0.0","10","0.0","13","0.0","13","0.0","0","-","382","27.2","360","26.1","20","50.0","617","13.3","363","6.9","226","20.4","754","1.5","699","1.6","31","0.0","94","0.0","82","0.0","12","0.0","N","(X)","N","(X)","N","(X)","37.3","(X)","(X)","(X)","(X)","(X)"
"34","41065","6484","10.6","4980","4.9","1141","31.7","2662","20.0","1671","10.2","740","41.9","6421","10.7","4937","4.9","1122","32.3","6013","9.2","4720","4.7","952","26.2","2","0.0","0","-","0","-","199","23.1","118","16.1","62","35.5","8","0.0","8","0.0","0","-","42","0.0","25","0.0","17","0.0","157","58.0","66","0.0","91","100.0","63","0.0","43","0.0","19","0.0","618","31.1","347","5.2","244","70.5","5571","8.1","4457","4.6","799","21.0","4330","6.8","3347","2.8","713","24.1","2828","1.7","2293","1.0","343","7.9","1457","3.6","1280","2.8","127","1.6","698","30.5","463","24.2","217","46.5","2110","5.8","1795","2.8","223","17.0","879","37.4","505","14.7","268","75.7","1603","8.4","1241","6.0","295","18.6","2487","6.8","1925","2.8","412","25.2","1515","3.8","1309","3.1","166","0.0","3822","4.1","3309","2.2","401","13.0","2105","19.3","1309","10.1","566","40.5","490","22.4","300","7.0","169","47.9","67","25.4","62","27.4","5","0.0","3605","8.1","2867","2.5","579","28.2","2269","13.7","1584","7.1","500","35.6","454","12.1","381","7.3","54","38.9","156","19.9","148","20.9","8","0.0","1301","17.9","1025","6.0","232","59.9","2012","15.4","1155","7.5","620","27.9","2564","4.3","2258","3.5","230","13.0","607","5.6","542","2.6","59","33.9","9650","(X)","8284","(X)","11639","(X)","25.3","(X)","(X)","(X)","(X)","(X)"
"35","41067","135468","8.2","106740","4.4","20345","26.6","70280","12.4","51981","6.1","13606","35.0","132601","8.3","104632","4.4","19756","26.8","109301","6.9","87333","3.6","15603","23.2","2032","16.6","1256","10.4","506","34.0","971","19.1","493","5.7","258","60.9","12386","7.1","10380","5.0","1562","20.0","735","9.5","539","2.8","102","53.9","7176","27.4","4631","17.2","1725","56.6","2867","8.0","2108","4.7","589","19.7","16940","23.5","11179","15.4","3749","51.7","100518","5.7","81352","2.8","13831","20.8","106220","6.4","83514","3.2","15795","22.5","73722","2.9","59128","1.7","9597","10.7","18713","4.3","15818","3.7","2430","8.7","7200","29.4","3915","16.9","2632","46.8","26047","4.2","21110","2.7","3603","11.4","10746","29.7","7058","19.0","2733","58.9","20612","13.0","13852","6.8","4600","28.6","44488","8.2","33372","4.0","7960","25.6","59622","2.8","52458","2.1","5052","8.8","65188","3.8","54759","2.8","6739","9.7","56935","10.7","41323","5.1","11365","29.0","12569","19.4","10008","9.6","2125","64.4","776","25.9","650","16.9","116","78.4","59567","6.2","44032","2.7","10498","18.2","58643","9.4","47625","4.9","8127","33.6","15349","11.5","13344","7.8","1594","44.0","1909","13.7","1739","11.0","126","53.2","13977","20.0","10620","8.4","2539","60.2","45168","13.4","29112","7.7","11611","27.3","63243","3.3","55688","2.4","5070","13.7","13080","2.0","11320","2.1","1125","2.4","8683","(X)","7695","(X)","9644","(X)","18.7","(X)","(X)","(X)","(X)","(X)"
"36","41069","410","13.4","359","10.9","33","36.4","92","31.5","62","21.0","20","60.0","396","13.9","353","11.0","33","36.4","387","14.2","351","11.1","29","41.4","0","-","0","-","0","-","4","0.0","0","-","4","0.0","0","-","0","-","0","-","0","-","0","-","0","-","5","0.0","2","0.0","0","-","14","0.0","6","0.0","0","-","9","0.0","6","0.0","0","-","383","14.4","347","11.2","29","41.4","274","11.3","232","7.3","24","41.7","155","3.9","134","4.5","7","0.0","147","6.1","136","5.1","11","18.2","12","50.0","9","33.3","3","100.0","191","6.8","180","6.1","11","18.2","40","17.5","39","17.9","1","0.0","150","20.7","138","18.8","6","83.3","158","8.9","123","2.4","23","30.4","62","4.8","59","5.1","3","0.0","318","8.2","297","8.8","13","0.0","71","31.0","46","15.2","15","73.3","16","37.5","12","50.0","4","0.0","5","20.0","4","0.0","1","100.0","315","11.7","283","9.2","20","35.0","75","12.0","57","8.8","12","33.3","16","56.3","15","53.3","1","100.0","4","0.0","4","0.0","0","-","95","14.7","90","13.3","5","40.0","123","19.5","88","13.6","25","32.0","172","9.9","161","9.3","3","66.7","20","0.0","20","0.0","0","-","N","(X)","N","(X)","N","(X)","33.9","(X)","(X)","(X)","(X)","(X)"
"37","41071","24954","10.0","19591","5.8","3653","28.3","11979","16.4","8439","8.9","2454","39.4","24416","9.8","19235","5.8","3512","27.4","22508","9.2","17791","5.4","3288","25.2","107","19.6","71","14.1","18","61.1","243","25.1","155","22.6","68","38.2","249","8.8","186","0.0","63","34.9","21","0.0","16","0.0","0","-","1288","18.1","1016","11.5","75","100.0","538","14.9","356","2.5","141","50.4","2655","19.7","2051","14.1","316","60.4","21243","8.5","16835","4.8","3067","23.7","17980","7.5","14068","4.0","2527","24.1","11799","2.7","9442","1.2","1473","12.1","4998","2.4","4302","2.0","596","3.0","1648","35.7","912","21.4","635","60.9","7014","4.1","5694","2.5","1094","9.9","2551","26.1","1680","13.8","572","55.9","6732","11.1","4755","7.6","1231","25.6","9554","9.4","7645","5.5","1486","23.6","6117","2.8","5511","2.2","364","13.7","12975","4.0","11152","3.4","1199","5.7","9502","14.9","6703","7.8","1962","37.0","2282","20.7","1543","10.3","490","48.8","195","39.0","193","38.3","2","100.0","12310","6.6","9465","3.5","1860","17.8","9254","13.7","7212","7.1","1425","42.2","2927","9.5","2487","6.8","344","29.7","463","26.3","427","28.6","24","0.0","4053","18.2","3127","8.0","698","54.0","7559","18.6","4635","13.2","1992","30.9","10759","2.9","9439","2.6","859","4.9","2583","0.9","2390","1.0","104","0.0","9039","(X)","9276","(X)","8987","(X)","21.3","(X)","(X)","(X)","(X)","(X)"
